CustomerID,Sex,Age,AccountDuration,AccountType,AverageMonthlySpending,InvestmentAccounts,FixedDeposits,MutualFunds,StockInvestments,BondInvestments,BalancedFunds,TaxSavings,TradingAccounts,SpecialtyFunds,CustomerStatus
10001,Male,49,10,Checking,894.23,Yes,No,No,No,No,Yes,No,No,No,Active
10002,Male,55,4,Savings,827.57,Yes,Yes,Yes,No,Yes,No,No,No,No,Active
10003,Female,52,10,Checking,3232.19,Yes,No,Yes,No,No,No,Yes,No,Yes,Churned
10004,Male,62,5,Checking,1084.61,Yes,No,No,No,No,No,Yes,No,No,Active
10005,Female,72,5,Savings,1188.77,No,No,No,No,No,No,No,No,No,Active
10006,Male,74,7,Savings,3472.07,No,No,No,No,No,No,No,No,No,Active
10007,Male,64,6,Checking,722.11,No,No,No,No,No,No,No,No,No,Active
10008,Male,41,5,Savings,2747.88,No,No,No,No,No,No,No,No,No,Active
10009,Female,54,3,Savings,2616.62,No,No,No,No,No,No,No,No,No,Active
10010,Male,49,6,Fixed Deposit,288.09,Yes,No,No,No,Yes,No,No,No,No,Inactive
10011,Female,22,7,Checking,747.98,No,No,No,No,No,No,No,No,No,Active
10012,Female,71,7,Savings,3145.79,Yes,No,No,Yes,No,Yes,No,No,No,Active
10013,Female,53,6,Checking,1130.94,Yes,No,No,No,Yes,Yes,No,No,Yes,Active
10014,Male,28,8,Checking,3126.34,No,No,No,No,No,No,No,No,No,Active
10015,Male,29,8,Checking,826.27,No,No,No,No,No,No,No,No,No,Churned
10016,Female,59,5,Savings,1855.74,Yes,Yes,Yes,No,No,Yes,No,No,Yes,Active
10017,Female,56,4,Fixed Deposit,354.3,Yes,No,No,No,No,No,No,No,Yes,Active
10018,Female,41,5,Checking,767.39,Yes,No,Yes,No,Yes,No,Yes,No,Yes,Active
10019,Female,18,5,Checking,2812.24,No,No,No,No,No,No,No,No,No,Active
10020,Male,28,4,Checking,705.22,No,No,No,No,No,No,No,No,No,Active
10021,Male,48,6,Savings,2651.32,Yes,No,No,No,Yes,No,No,No,No,Active
10022,Female,38,5,Savings,3035.4,Yes,No,No,Yes,Yes,No,Yes,No,Yes,Active
10023,Female,73,6,Checking,2356.65,Yes,No,Yes,Yes,Yes,No,No,No,No,Active
10024,Female,33,7,Checking,2747.82,Yes,No,Yes,No,No,No,No,No,No,Active
10025,Female,51,11,Savings,2492.22,Yes,No,No,No,Yes,Yes,No,No,No,Active
10026,Male,28,3,Fixed Deposit,991.26,Yes,No,No,No,No,Yes,No,Yes,No,Active
10027,Female,42,6,Checking,3057.12,Yes,No,No,Yes,No,No,No,No,No,Active
10028,Male,49,4,Savings,1069.6,Yes,No,Yes,No,Yes,No,No,No,No,Active
10029,Female,61,10,Savings,2608.28,Yes,No,No,No,No,No,No,No,Yes,Active
10030,Female,65,10,Checking,2593.82,Yes,No,No,No,Yes,No,No,No,Yes,Active
10031,Male,28,7,Savings,977.24,No,No,No,No,No,No,No,No,No,Active
10032,Female,45,5,Savings,1826.14,No,No,No,No,No,No,No,No,No,Active
10033,Male,65,5,Savings,2537.15,No,No,No,No,No,No,No,No,No,Active
10034,Male,54,5,Savings,3387.88,Yes,Yes,Yes,No,No,No,No,No,Yes,Active
10035,Female,42,7,Investment,6685.69,No,No,No,No,No,No,No,No,No,Active
10036,Female,20,7,Checking,2601.88,No,No,No,No,No,No,No,No,No,Churned
10037,Female,74,6,Fixed Deposit,629.07,Yes,No,No,No,Yes,Yes,No,Yes,No,Active
10038,Female,69,3,Savings,2514.84,Yes,No,Yes,No,Yes,No,Yes,No,No,Active
10039,Female,38,3,Savings,2129.49,No,No,No,No,No,No,No,No,No,Active
10040,Female,69,7,Savings,2210.38,No,No,No,No,No,No,No,No,No,Active
10041,Male,37,3,Checking,3470.44,No,No,No,No,No,No,No,No,No,Active
10042,Male,32,9,Savings,3086.72,Yes,Yes,No,No,No,No,No,Yes,No,Active
10043,Male,60,3,Savings,3081.0,No,No,No,No,No,No,No,No,No,Active
10044,Male,73,11,Checking,1078.87,Yes,No,No,No,No,No,Yes,No,No,Active
10045,Female,50,6,Checking,1699.17,Yes,No,No,Yes,No,No,No,No,No,Active
10046,Male,33,3,Savings,1004.58,No,No,No,No,No,No,No,No,No,Active
10047,Male,40,3,Investment,1643.51,Yes,No,No,No,Yes,No,Yes,Yes,Yes,Active
10048,Male,51,6,Savings,3005.98,Yes,Yes,No,Yes,No,Yes,No,No,No,Active
10049,Female,74,13,Savings,769.17,Yes,No,No,No,Yes,No,Yes,No,Yes,Active
10050,Male,25,9,Checking,1832.27,No,No,No,No,No,No,No,No,No,Active
10051,Male,42,5,Savings,1678.42,Yes,Yes,No,No,No,No,Yes,No,Yes,Active
10052,Female,49,1,Checking,2223.45,No,No,No,No,No,No,No,No,No,New
10053,Female,56,3,Savings,582.86,No,No,No,No,No,No,No,No,No,Active
10054,Male,67,7,Checking,2644.8,No,No,No,No,No,No,No,No,No,Active
10055,Female,22,7,Savings,2259.88,No,No,No,No,No,No,No,No,No,Active
10056,Female,63,6,Fixed Deposit,377.1,Yes,No,Yes,No,No,No,No,No,No,Active
10057,Male,73,7,Checking,2288.23,Yes,No,No,No,Yes,No,Yes,No,Yes,Active
10058,Male,31,2,Checking,2054.81,No,No,No,No,No,No,No,No,No,Active
10059,Female,69,6,Checking,2254.95,Yes,No,No,No,Yes,Yes,No,No,No,Active
10060,Male,53,5,Checking,1119.74,Yes,No,No,Yes,Yes,No,No,No,No,Active
10061,Male,45,6,Investment,2515.5,Yes,No,Yes,Yes,No,No,No,No,No,Active
10062,Female,27,5,Savings,3212.31,No,No,No,No,No,No,No,No,No,Active
10063,Male,73,4,Checking,1911.47,No,No,No,No,No,No,No,No,No,Active
10064,Male,62,4,Savings,3274.86,No,No,No,No,No,No,No,No,No,Active
10065,Female,35,6,Checking,3320.94,No,No,No,No,No,No,No,No,No,Active
10066,Female,64,6,Savings,2247.64,Yes,Yes,No,No,No,Yes,No,Yes,No,Active
10067,Female,64,6,Savings,719.73,Yes,Yes,No,No,No,Yes,No,Yes,No,Active
10068,Male,41,11,Savings,627.45,Yes,No,No,Yes,No,Yes,No,Yes,No,Active
10069,Male,67,5,Checking,1330.46,Yes,No,No,No,No,No,No,No,Yes,Active
10070,Male,59,8,Investment,2456.17,Yes,Yes,No,No,No,No,No,No,Yes,Churned
10071,Female,21,5,Loan,1655.39,No,No,No,No,No,No,No,No,No,Active
10072,Male,43,4,Checking,2338.88,No,No,No,No,No,No,No,No,No,Active
10073,Male,69,6,Checking,1384.62,No,No,No,No,No,No,No,No,No,Active
10074,Male,57,6,Checking,891.06,Yes,No,No,No,Yes,No,No,No,No,Active
10075,Female,21,6,Checking,2171.49,No,No,No,No,No,No,No,No,No,Active
10076,Female,29,8,Checking,1957.18,No,No,No,No,No,No,No,No,No,Active
10077,Male,50,1,Checking,2190.8,Yes,No,No,No,Yes,No,Yes,No,No,New
10078,Female,43,6,Checking,461.34,Yes,No,Yes,No,No,Yes,No,No,No,Active
10079,Male,74,5,Checking,838.94,Yes,Yes,Yes,No,Yes,Yes,No,No,No,Active
10080,Female,20,5,Checking,2343.24,Yes,No,No,No,No,No,No,Yes,No,Active
10081,Male,29,8,Investment,2530.95,Yes,No,No,No,No,Yes,No,No,Yes,Active
10082,Female,58,6,Investment,2608.71,No,No,No,No,No,No,No,No,No,Active
10083,Male,37,4,Savings,3008.25,Yes,Yes,Yes,Yes,No,No,No,No,Yes,Active
10084,Female,46,6,Checking,3286.7,Yes,Yes,No,No,No,No,Yes,Yes,Yes,Active
10085,Female,71,7,Loan,2511.96,Yes,No,No,Yes,No,No,No,No,Yes,Active
10086,Female,48,2,Checking,1352.9,No,No,No,No,No,No,No,No,No,Active
10087,Female,69,8,Fixed Deposit,410.73,Yes,Yes,No,No,No,No,No,Yes,No,Churned
10088,Male,37,6,Fixed Deposit,710.42,No,No,No,No,No,No,No,No,No,Active
10089,Female,48,6,Fixed Deposit,995.01,Yes,No,No,Yes,No,No,Yes,No,No,Active
10090,Female,30,6,Investment,3873.35,Yes,No,Yes,Yes,Yes,No,No,No,Yes,Active
10091,Female,25,6,Loan,2344.73,No,No,No,No,No,No,No,No,No,Active
10092,Female,71,8,Savings,401.53,No,No,No,No,No,No,No,No,No,Churned
10093,Female,52,7,Checking,2261.79,No,No,No,No,No,No,No,No,No,Active
10094,Male,71,9,Investment,2865.98,No,No,No,No,No,No,No,No,No,Active
10095,Male,22,6,Investment,4234.45,Yes,No,Yes,Yes,No,No,Yes,No,No,Active
10096,Female,45,3,Checking,3346.75,No,No,No,No,No,No,No,No,No,Active
10097,Male,45,8,Savings,2774.48,No,No,No,No,No,No,No,No,No,Active
10098,Male,67,4,Savings,2370.35,Yes,Yes,No,Yes,Yes,No,No,No,No,Active
10099,Female,40,1,Savings,1089.38,No,No,No,No,No,No,No,No,No,New
10100,Female,22,9,Checking,372.76,No,No,No,No,No,No,No,No,No,Active
10101,Female,68,10,Checking,2193.21,Yes,No,Yes,Yes,Yes,No,No,No,No,Active
10102,Male,63,7,Savings,1644.61,No,No,No,No,No,No,No,No,No,Active
10103,Female,24,7,Investment,3894.85,Yes,No,Yes,No,Yes,No,Yes,Yes,No,Active
10104,Female,33,6,Checking,2168.47,No,No,No,No,No,No,No,No,No,Active
10105,Female,52,6,Savings,1616.87,Yes,No,No,No,No,No,Yes,No,No,Active
10106,Male,45,4,Checking,2615.24,Yes,Yes,No,No,No,No,No,No,No,Active
10107,Male,54,4,Fixed Deposit,780.3,Yes,No,No,No,Yes,No,No,No,Yes,Active
10108,Male,23,4,Fixed Deposit,306.95,Yes,No,Yes,No,No,No,No,No,No,Churned
10109,Male,73,4,Savings,617.58,No,No,No,No,No,No,No,No,No,Active
10110,Male,64,7,Investment,3589.77,Yes,No,No,No,Yes,No,No,No,No,Active
10111,Male,26,8,Savings,2663.23,No,No,No,No,No,No,No,No,No,Active
10112,Male,35,5,Investment,5128.27,Yes,No,No,Yes,No,Yes,Yes,No,No,Active
10113,Male,26,4,Checking,642.86,No,No,No,No,No,No,No,No,No,Active
10114,Female,68,7,Investment,5160.42,Yes,No,Yes,No,Yes,Yes,Yes,No,No,Active
10115,Female,57,9,Checking,2920.27,Yes,Yes,No,No,Yes,Yes,Yes,No,No,Active
10116,Male,22,8,Fixed Deposit,810.56,Yes,No,Yes,No,No,No,Yes,No,No,Active
10117,Male,22,6,Investment,3428.38,Yes,Yes,No,No,No,No,No,Yes,No,Active
10118,Male,36,6,Investment,5446.58,Yes,No,No,Yes,No,Yes,Yes,No,Yes,Active
10119,Female,55,7,Checking,1743.92,No,No,No,No,No,No,No,No,No,Active
10120,Female,65,7,Investment,5653.37,Yes,No,No,No,No,Yes,Yes,No,No,Active
10121,Male,47,4,Investment,6514.43,Yes,No,No,No,Yes,No,No,Yes,No,Active
10122,Male,23,4,Loan,1506.71,No,No,No,No,No,No,No,No,No,Active
10123,Male,71,5,Savings,2627.44,Yes,No,No,No,No,No,No,No,No,Active
10124,Male,46,7,Checking,3299.61,Yes,Yes,Yes,No,No,No,No,Yes,Yes,Active
10125,Male,49,4,Checking,2082.93,Yes,Yes,No,No,No,No,No,No,No,Active
10126,Female,29,8,Checking,1757.66,Yes,No,No,Yes,No,No,No,No,No,Active
10127,Female,43,7,Investment,3168.64,No,No,No,No,No,No,No,No,No,Active
10128,Female,42,8,Savings,2391.41,No,No,No,No,No,No,No,No,No,Active
10129,Female,68,4,Savings,2598.63,Yes,No,Yes,No,No,Yes,No,No,No,Active
10130,Female,29,5,Savings,2912.86,No,No,No,No,No,No,No,No,No,Active
10131,Male,70,10,Savings,1754.33,Yes,No,No,No,Yes,Yes,Yes,No,Yes,Active
10132,Female,36,9,Savings,2611.77,Yes,No,No,Yes,No,No,No,Yes,No,Active
10133,Female,51,9,Savings,777.99,Yes,No,No,No,Yes,No,No,No,Yes,Active
10134,Male,26,6,Savings,2919.72,Yes,No,No,Yes,No,No,No,No,No,Active
10135,Male,39,4,Checking,3152.09,No,No,No,No,No,No,No,No,No,Active
10136,Female,21,7,Checking,1038.89,No,No,No,No,No,No,No,No,No,Active
10137,Male,61,6,Savings,2283.53,No,No,No,No,No,No,No,No,No,Active
10138,Female,33,6,Fixed Deposit,911.92,Yes,No,Yes,No,No,Yes,No,No,No,Active
10139,Male,72,6,Checking,2648.83,No,No,No,No,No,No,No,No,No,Active
10140,Male,41,4,Savings,770.25,Yes,Yes,Yes,No,No,Yes,Yes,No,No,Active
10141,Female,18,9,Savings,3378.74,No,No,No,No,No,No,No,No,No,Active
10142,Male,28,7,Savings,311.29,No,No,No,No,No,No,No,No,No,Active
10143,Male,29,6,Investment,5175.26,Yes,No,Yes,No,No,No,No,No,Yes,Active
10144,Female,21,10,Savings,3158.7,No,No,No,No,No,No,No,No,No,Active
10145,Female,37,5,Savings,345.57,Yes,No,No,No,No,No,Yes,No,Yes,Active
10146,Female,53,5,Checking,718.46,Yes,No,Yes,No,Yes,No,No,No,No,Active
10147,Female,63,5,Savings,1311.53,Yes,Yes,No,No,No,No,No,No,Yes,Active
10148,Female,38,5,Investment,4676.49,Yes,Yes,Yes,No,No,No,No,Yes,Yes,Churned
10149,Male,71,5,Investment,7257.09,Yes,Yes,No,No,No,No,No,No,No,Active
10150,Male,21,3,Investment,6979.31,Yes,No,No,No,No,No,No,Yes,No,Active
10151,Male,60,4,Checking,2659.38,Yes,No,No,No,Yes,No,No,No,No,Active
10152,Male,68,6,Checking,2102.99,Yes,No,No,No,No,No,No,No,No,Active
10153,Male,62,9,Checking,2134.36,No,No,No,No,No,No,No,No,No,Active
10154,Female,26,5,Savings,1807.25,No,No,No,No,No,No,No,No,No,Active
10155,Female,28,6,Savings,2858.47,No,No,No,No,No,No,No,No,No,Churned
10156,Male,22,6,Investment,6291.2,Yes,No,No,Yes,Yes,Yes,No,No,Yes,Active
10157,Male,70,3,Checking,1755.73,No,No,No,No,No,No,No,No,No,Active
10158,Male,63,9,Investment,4112.97,Yes,No,Yes,No,No,No,No,No,Yes,Active
10159,Female,72,4,Checking,1974.7,No,No,No,No,No,No,No,No,No,Active
10160,Female,45,8,Checking,3207.52,Yes,No,No,No,No,No,Yes,No,No,Active
10161,Male,53,3,Savings,688.1,No,No,No,No,No,No,No,No,No,Active
10162,Female,35,7,Savings,3262.28,No,No,No,No,No,No,No,No,No,Active
10163,Male,31,14,Savings,2618.06,Yes,No,No,No,Yes,No,Yes,No,No,Active
10164,Female,40,6,Savings,394.19,Yes,No,Yes,Yes,Yes,No,Yes,No,No,Active
10165,Female,63,9,Checking,2605.71,Yes,No,Yes,No,No,No,No,No,Yes,Active
10166,Female,69,8,Savings,1691.85,No,No,No,No,No,No,No,No,No,Active
10167,Female,45,6,Investment,4731.1,Yes,Yes,Yes,Yes,No,No,Yes,No,No,Active
10168,Male,41,8,Investment,4433.49,Yes,Yes,No,Yes,Yes,Yes,No,No,No,Active
10169,Male,48,11,Savings,1747.14,No,No,No,No,No,No,No,No,No,Active
10170,Female,58,6,Savings,2493.05,Yes,No,No,No,No,No,No,No,Yes,Churned
10171,Male,70,5,Savings,3281.94,Yes,No,Yes,No,Yes,No,No,No,Yes,Active
10172,Female,48,4,Checking,2102.5,Yes,Yes,Yes,Yes,Yes,No,No,No,No,Active
10173,Female,51,9,Checking,1006.99,Yes,Yes,No,No,No,No,No,No,No,Active
10174,Female,62,3,Savings,377.73,No,No,No,No,No,No,No,No,No,Active
10175,Male,55,7,Loan,2941.81,Yes,No,Yes,Yes,No,No,Yes,No,No,Active
10176,Female,74,4,Investment,2189.53,Yes,No,Yes,Yes,Yes,No,No,No,No,Active
10177,Male,34,6,Investment,3877.25,Yes,No,No,No,No,Yes,No,Yes,No,Active
10178,Female,58,6,Savings,1086.67,Yes,No,No,No,No,Yes,No,No,No,Active
10179,Female,39,6,Checking,550.41,Yes,No,No,Yes,No,Yes,Yes,Yes,No,Active
10180,Female,59,8,Savings,383.55,Yes,Yes,No,Yes,No,Yes,No,No,Yes,Active
10181,Female,24,9,Checking,597.83,No,No,No,No,No,No,No,No,No,Active
10182,Male,72,8,Investment,1750.87,No,No,No,No,No,No,No,No,No,Active
10183,Male,51,8,Savings,2222.97,Yes,No,Yes,No,Yes,No,Yes,No,No,Active
10184,Female,53,5,Checking,1969.56,Yes,Yes,No,No,No,Yes,No,No,No,Active
10185,Male,22,6,Savings,1396.12,Yes,Yes,Yes,No,No,Yes,No,No,Yes,Active
10186,Female,43,3,Checking,623.99,No,No,No,No,No,No,No,No,No,Active
10187,Female,55,6,Checking,3113.65,Yes,Yes,Yes,No,No,No,No,No,No,Active
10188,Female,57,10,Checking,3020.72,Yes,No,No,No,No,Yes,Yes,No,No,Active
10189,Female,26,4,Checking,1722.18,No,No,No,No,No,No,No,No,No,Active
10190,Male,59,5,Savings,1620.92,No,No,No,No,No,No,No,No,No,Active
10191,Female,40,5,Savings,1525.18,Yes,No,No,Yes,Yes,No,No,Yes,Yes,Active
10192,Male,68,5,Savings,2589.59,No,No,No,No,No,No,No,No,No,Active
10193,Male,27,3,Checking,734.9,No,No,No,No,No,No,No,No,No,Churned
10194,Female,42,5,Fixed Deposit,501.23,No,No,No,No,No,No,No,No,No,Active
10195,Female,55,3,Savings,314.33,No,No,No,No,No,No,No,No,No,Active
10196,Female,39,6,Checking,3088.58,No,No,No,No,No,No,No,No,No,Active
10197,Female,37,10,Savings,1473.08,No,No,No,No,No,No,No,No,No,Active
10198,Male,55,7,Checking,3406.21,Yes,No,Yes,No,No,No,No,No,No,Active
10199,Female,66,6,Savings,2145.85,Yes,Yes,Yes,No,Yes,No,No,Yes,No,Active
10200,Female,56,7,Savings,732.91,Yes,No,Yes,Yes,No,No,No,No,No,Active
10201,Female,23,9,Savings,1405.68,No,No,No,No,No,No,No,No,No,Active
10202,Female,31,5,Checking,1203.79,No,No,No,No,No,No,No,No,No,Active
10203,Female,67,5,Savings,1913.85,Yes,No,Yes,No,Yes,No,No,No,No,Active
10204,Male,26,4,Checking,3072.63,No,No,No,No,No,No,No,No,No,Active
10205,Male,33,10,Investment,5628.7,Yes,No,Yes,No,Yes,No,No,Yes,No,Active
10206,Female,27,7,Checking,3256.67,No,No,No,No,No,No,No,No,No,Active
10207,Male,44,10,Checking,1552.37,Yes,No,No,No,No,No,No,Yes,No,Active
10208,Female,55,5,Savings,2824.35,No,No,No,No,No,No,No,No,No,Active
10209,Male,22,5,Savings,555.3,No,No,No,No,No,No,No,No,No,Active
10210,Male,32,3,Savings,440.9,Yes,No,No,Yes,No,No,Yes,Yes,Yes,Active
10211,Male,29,6,Savings,2547.25,No,No,No,No,No,No,No,No,No,Active
10212,Female,72,3,Savings,759.53,No,No,No,No,No,No,No,No,No,Active
10213,Female,35,7,Checking,2097.6,No,No,No,No,No,No,No,No,No,Active
10214,Female,51,6,Savings,1508.67,Yes,No,No,Yes,Yes,No,No,No,No,Active
10215,Female,50,3,Checking,1607.23,No,No,No,No,No,No,No,No,No,Active
10216,Male,52,5,Checking,593.12,Yes,No,No,Yes,No,No,Yes,No,Yes,Active
10217,Male,67,4,Checking,2756.29,No,No,No,No,No,No,No,No,No,Active
10218,Male,67,5,Savings,1349.71,No,No,No,No,No,No,No,No,No,Active
10219,Female,26,3,Checking,345.23,No,No,No,No,No,No,No,No,No,Active
10220,Male,61,3,Savings,927.59,No,No,No,No,No,No,No,No,No,Active
10221,Male,33,3,Savings,2087.95,No,No,No,No,No,No,No,No,No,Active
10222,Female,47,7,Savings,624.04,Yes,No,Yes,No,No,No,No,No,No,Active
10223,Female,46,9,Checking,3012.35,Yes,No,No,No,No,No,No,Yes,No,Active
10224,Female,33,7,Savings,377.0,Yes,Yes,No,No,Yes,Yes,No,No,Yes,Active
10225,Male,65,6,Savings,2074.85,Yes,Yes,No,No,No,No,Yes,Yes,No,Active
10226,Female,34,4,Investment,5217.78,Yes,No,Yes,No,Yes,No,No,Yes,No,Active
10227,Female,71,5,Checking,909.08,No,No,No,No,No,No,No,No,No,Active
10228,Female,20,5,Savings,841.23,No,No,No,No,No,No,No,No,No,Active
10229,Female,53,7,Fixed Deposit,351.97,Yes,No,No,Yes,No,Yes,No,No,Yes,Active
10230,Female,48,3,Checking,1419.46,No,No,No,No,No,No,No,No,No,Active
10231,Female,72,7,Savings,2675.19,Yes,No,No,No,No,No,No,No,Yes,Active
10232,Female,42,3,Savings,820.6,No,No,No,No,No,No,No,No,No,Churned
10233,Female,48,10,Loan,830.73,No,No,No,No,No,No,No,No,No,Active
10234,Male,59,9,Savings,1408.06,Yes,No,Yes,Yes,No,Yes,No,No,Yes,Active
10235,Male,68,9,Savings,1803.14,Yes,No,No,No,Yes,No,No,No,No,Active
10236,Male,67,7,Savings,542.25,Yes,No,No,No,No,No,No,No,Yes,Active
10237,Male,68,5,Checking,1587.09,No,No,No,No,No,No,No,No,No,Active
10238,Male,53,7,Savings,967.83,Yes,Yes,No,Yes,No,Yes,No,No,No,Active
10239,Male,20,4,Investment,3174.53,Yes,No,Yes,No,Yes,No,Yes,No,Yes,Active
10240,Male,25,2,Savings,2148.66,No,No,No,No,No,No,No,No,No,Active
10241,Female,48,3,Checking,548.06,Yes,Yes,No,No,No,No,No,No,No,Active
10242,Female,25,1,Fixed Deposit,461.17,Yes,No,No,Yes,Yes,No,No,No,No,New
10243,Male,45,3,Checking,3455.01,No,No,No,No,No,No,No,No,No,Active
10244,Female,51,9,Fixed Deposit,847.02,Yes,No,No,No,Yes,Yes,No,Yes,No,Active
10245,Female,70,4,Savings,1882.22,Yes,Yes,No,Yes,No,Yes,Yes,No,No,Active
10246,Female,43,9,Investment,7743.57,Yes,No,Yes,No,Yes,Yes,Yes,No,No,Active
10247,Male,56,4,Fixed Deposit,305.11,Yes,Yes,Yes,No,Yes,No,No,No,No,Active
10248,Male,74,7,Savings,2608.78,Yes,No,No,No,No,No,Yes,No,Yes,Active
10249,Male,37,4,Investment,4254.97,Yes,No,No,Yes,No,Yes,Yes,No,Yes,Active
10250,Female,33,7,Checking,1622.38,Yes,Yes,No,No,No,Yes,No,No,Yes,Active
10251,Male,28,7,Checking,2776.21,Yes,No,No,Yes,No,No,No,No,Yes,Active
10252,Male,57,9,Savings,3176.46,No,No,No,No,No,No,No,No,No,Active
10253,Female,30,5,Savings,3216.82,No,No,No,No,No,No,No,No,No,Active
10254,Female,71,9,Savings,999.28,Yes,No,No,No,No,No,Yes,No,No,Active
10255,Female,36,4,Checking,915.32,No,No,No,No,No,No,No,No,No,Active
10256,Male,73,5,Fixed Deposit,355.84,Yes,No,No,No,Yes,No,Yes,No,Yes,Active
10257,Male,59,6,Savings,808.7,Yes,Yes,No,No,No,Yes,Yes,Yes,No,Active
10258,Female,62,8,Savings,2137.91,No,No,No,No,No,No,No,No,No,Active
10259,Female,69,9,Fixed Deposit,961.62,Yes,Yes,No,Yes,Yes,No,No,No,No,Active
10260,Male,64,9,Checking,911.66,Yes,No,No,No,No,No,No,No,Yes,Active
10261,Female,24,7,Checking,1874.72,No,No,No,No,No,No,No,No,No,Active
10262,Male,57,4,Checking,2807.25,No,No,No,No,No,No,No,No,No,Active
10263,Male,41,3,Investment,6068.39,Yes,No,Yes,No,Yes,No,No,Yes,Yes,Active
10264,Male,65,7,Checking,3341.58,Yes,Yes,No,No,No,No,Yes,No,Yes,Active
10265,Male,37,4,Checking,355.5,Yes,No,No,No,No,Yes,No,No,No,Active
10266,Female,73,7,Investment,1842.06,No,No,No,No,No,No,No,No,No,Active
10267,Male,62,4,Savings,1173.45,Yes,Yes,Yes,No,No,No,No,No,Yes,Active
10268,Female,61,7,Investment,6919.37,Yes,Yes,No,No,No,Yes,Yes,No,Yes,Active
10269,Male,41,4,Fixed Deposit,777.45,Yes,No,No,No,Yes,No,Yes,No,No,Active
10270,Female,28,6,Savings,595.67,No,No,No,No,No,No,No,No,No,Active
10271,Female,34,6,Savings,1906.58,No,No,No,No,No,No,No,No,No,Active
10272,Male,34,4,Checking,2876.67,Yes,No,Yes,Yes,No,No,Yes,No,Yes,Active
10273,Male,38,7,Savings,1350.01,No,No,No,No,No,No,No,No,No,Active
10274,Female,23,6,Savings,693.04,No,No,No,No,No,No,No,No,No,Active
10275,Female,69,5,Fixed Deposit,384.13,Yes,Yes,No,Yes,No,Yes,Yes,No,No,Active
10276,Male,53,10,Checking,1158.07,Yes,No,No,No,Yes,No,No,No,No,Active
10277,Male,54,4,Investment,1654.3,Yes,No,No,Yes,No,No,No,No,No,Active
10278,Male,69,7,Savings,836.28,No,No,No,No,No,No,No,No,No,Active
10279,Male,20,12,Savings,1761.55,No,No,No,No,No,No,No,No,No,Active
10280,Female,37,5,Savings,1441.67,Yes,Yes,Yes,No,No,No,No,Yes,Yes,Active
10281,Male,45,7,Loan,2756.81,Yes,No,Yes,No,No,Yes,No,Yes,No,Active
10282,Female,22,7,Savings,1520.7,No,No,No,No,No,No,No,No,No,Active
10283,Male,68,4,Checking,867.24,No,No,No,No,No,No,No,No,No,Active
10284,Male,64,10,Savings,3116.44,Yes,Yes,No,No,Yes,No,No,No,No,Active
10285,Female,18,2,Savings,1391.9,No,No,No,No,No,No,No,No,No,Active
10286,Male,70,8,Savings,482.87,No,No,No,No,No,No,No,No,No,Active
10287,Male,37,8,Checking,1414.29,Yes,No,Yes,Yes,No,No,No,No,No,Active
10288,Male,56,4,Investment,2458.72,Yes,No,No,No,Yes,No,Yes,No,No,Active
10289,Female,45,5,Checking,2061.78,Yes,No,Yes,No,Yes,No,No,Yes,No,Active
10290,Male,35,8,Checking,893.76,Yes,No,No,No,No,No,No,Yes,No,Active
10291,Female,72,3,Savings,1922.56,No,No,No,No,No,No,No,No,No,Active
10292,Female,18,5,Savings,1436.38,No,No,No,No,No,No,No,No,No,Active
10293,Female,70,7,Checking,3376.62,Yes,No,No,No,No,No,No,No,Yes,Active
10294,Male,59,7,Checking,425.49,Yes,Yes,No,Yes,Yes,No,No,No,No,Active
10295,Male,23,3,Savings,3418.27,No,No,No,No,No,No,No,No,No,Active
10296,Female,38,10,Savings,2142.1,No,No,No,No,No,No,No,No,No,Active
10297,Female,20,6,Investment,4813.32,Yes,No,No,Yes,No,Yes,No,No,No,Active
10298,Female,59,5,Savings,1876.12,Yes,Yes,No,No,No,No,Yes,No,No,Active
10299,Male,39,8,Savings,2431.69,No,No,No,No,No,No,No,No,No,Active
10300,Male,32,6,Savings,3226.4,Yes,Yes,No,Yes,Yes,Yes,No,No,No,Active
10301,Male,22,5,Checking,2133.47,No,No,No,No,No,No,No,No,No,Active
10302,Male,58,5,Savings,3485.05,No,No,No,No,No,No,No,No,No,Active
10303,Female,45,5,Savings,324.76,Yes,No,No,No,No,Yes,No,No,No,Active
10304,Male,49,5,Investment,6594.86,Yes,Yes,No,No,No,No,No,No,No,Active
10305,Female,19,6,Savings,2241.56,No,No,No,No,No,No,No,No,No,Active
10306,Female,64,6,Savings,3107.43,Yes,Yes,No,No,Yes,No,No,No,Yes,Active
10307,Male,35,9,Fixed Deposit,430.99,Yes,No,No,Yes,No,No,No,No,No,Active
10308,Female,59,7,Fixed Deposit,346.25,No,No,No,No,No,No,No,No,No,Active
10309,Female,36,3,Savings,1623.63,No,No,No,No,No,No,No,No,No,Active
10310,Female,56,3,Investment,2843.38,Yes,No,No,No,No,Yes,No,No,No,Active
10311,Male,58,8,Savings,1985.31,Yes,No,No,No,No,No,No,No,No,Active
10312,Male,45,6,Savings,1189.38,No,No,No,No,No,No,No,No,No,Active
10313,Male,25,4,Savings,3164.88,No,No,No,No,No,No,No,No,No,Churned
10314,Male,34,5,Checking,1983.88,No,No,No,No,No,No,No,No,No,Active
10315,Female,31,4,Checking,2469.87,Yes,No,No,No,No,No,No,Yes,No,Active
10316,Female,63,4,Savings,2428.82,Yes,No,No,No,Yes,No,Yes,No,Yes,Active
10317,Female,58,5,Savings,2728.27,No,No,No,No,No,No,No,No,No,Active
10318,Male,44,4,Savings,1008.03,Yes,Yes,No,Yes,No,No,Yes,No,No,Active
10319,Male,66,2,Savings,2691.77,No,No,No,No,No,No,No,No,No,Active
10320,Female,62,11,Savings,3211.26,Yes,No,No,No,No,No,Yes,No,No,Active
10321,Female,20,10,Checking,771.61,No,No,No,No,No,No,No,No,No,Active
10322,Male,59,6,Savings,2179.4,No,No,No,No,No,No,No,No,No,Active
10323,Female,60,5,Investment,3992.05,Yes,No,No,No,Yes,No,No,No,No,Active
10324,Female,60,4,Checking,1696.72,No,No,No,No,No,No,No,No,No,Active
10325,Male,18,6,Savings,2878.53,Yes,No,Yes,No,Yes,No,No,Yes,No,Active
10326,Male,46,4,Savings,630.24,No,No,No,No,No,No,No,No,No,Active
10327,Female,32,8,Savings,600.13,Yes,Yes,No,No,No,No,Yes,Yes,No,Active
10328,Female,49,4,Checking,1759.61,No,No,No,No,No,No,No,No,No,Active
10329,Female,36,7,Checking,1223.3,Yes,Yes,No,No,Yes,No,Yes,No,Yes,Active
10330,Female,26,9,Savings,2873.36,No,No,No,No,No,No,No,No,No,Active
10331,Female,52,5,Savings,1012.26,Yes,Yes,No,No,Yes,No,No,No,Yes,Active
10332,Male,65,4,Checking,3269.51,Yes,No,Yes,No,No,No,No,No,Yes,Active
10333,Male,40,4,Checking,807.38,Yes,No,No,No,Yes,No,No,No,No,Active
10334,Female,19,5,Checking,742.69,Yes,No,No,No,No,No,No,Yes,Yes,Active
10335,Female,55,6,Savings,2656.87,Yes,Yes,No,No,Yes,Yes,Yes,No,No,Active
10336,Female,52,8,Checking,2463.94,Yes,Yes,No,No,No,No,No,No,Yes,Active
10337,Male,68,9,Fixed Deposit,325.25,Yes,No,No,No,Yes,No,No,No,Yes,Active
10338,Female,40,9,Investment,3128.76,No,No,No,No,No,No,No,No,No,Active
10339,Female,53,4,Checking,2544.82,Yes,Yes,Yes,Yes,Yes,No,No,No,No,Active
10340,Male,37,4,Investment,1763.71,Yes,No,No,Yes,No,No,Yes,No,No,Active
10341,Female,72,5,Checking,1361.41,Yes,Yes,No,No,Yes,Yes,Yes,No,No,Active
10342,Female,18,10,Checking,1848.2,No,No,No,No,No,No,No,No,No,Active
10343,Female,43,7,Checking,3387.17,Yes,No,No,No,Yes,No,No,No,No,Active
10344,Female,33,9,Savings,1213.33,Yes,Yes,No,No,Yes,No,Yes,No,No,Active
10345,Female,27,6,Fixed Deposit,642.09,Yes,No,Yes,No,Yes,No,Yes,No,No,Active
10346,Male,30,4,Savings,2547.39,Yes,Yes,No,Yes,No,No,Yes,No,No,Active
10347,Female,69,7,Savings,3091.05,Yes,No,Yes,No,No,No,No,No,No,Active
10348,Male,54,11,Savings,1284.2,Yes,No,No,Yes,Yes,No,No,No,No,Active
10349,Female,61,6,Investment,6779.62,Yes,No,No,No,Yes,No,No,No,No,Active
10350,Female,63,6,Savings,1395.3,Yes,Yes,No,No,No,No,Yes,No,No,Active
10351,Female,21,6,Savings,2983.18,No,No,No,No,No,No,No,No,No,Active
10352,Male,73,9,Checking,1785.52,Yes,Yes,No,No,No,Yes,No,No,No,Active
10353,Male,66,4,Savings,1907.84,Yes,Yes,No,No,Yes,No,No,No,Yes,Active
10354,Male,31,6,Savings,1559.78,Yes,No,No,No,Yes,No,Yes,No,No,Active
10355,Male,56,5,Checking,998.09,Yes,Yes,No,No,Yes,No,No,No,No,Active
10356,Male,65,11,Savings,2017.02,No,No,No,No,No,No,No,No,No,Active
10357,Female,48,7,Investment,5951.81,No,No,No,No,No,No,No,No,No,Active
10358,Male,34,6,Fixed Deposit,662.1,Yes,No,No,No,Yes,No,No,No,No,Active
10359,Male,35,6,Savings,2670.02,Yes,No,No,No,Yes,Yes,No,No,No,Active
10360,Female,60,7,Investment,6020.92,Yes,No,Yes,No,No,No,Yes,No,No,Active
10361,Female,74,4,Checking,2029.56,Yes,No,No,No,No,No,No,No,Yes,Active
10362,Male,50,7,Savings,2482.47,Yes,No,Yes,Yes,No,Yes,No,No,Yes,Active
10363,Male,49,9,Savings,2444.34,Yes,No,No,No,No,No,Yes,No,No,Active
10364,Male,52,9,Savings,2499.66,Yes,No,No,No,No,Yes,No,No,Yes,Active
10365,Male,42,6,Investment,2018.79,Yes,No,Yes,No,No,Yes,No,No,No,Active
10366,Male,23,4,Checking,974.92,Yes,No,No,No,Yes,Yes,No,No,No,Active
10367,Male,48,6,Savings,3427.01,Yes,Yes,No,Yes,Yes,No,No,No,Yes,Active
10368,Male,50,6,Fixed Deposit,582.98,Yes,No,No,Yes,No,Yes,No,Yes,Yes,Active
10369,Female,20,10,Savings,2724.51,No,No,No,No,No,No,No,No,No,Active
10370,Female,52,8,Checking,2323.97,Yes,No,No,No,No,No,Yes,No,No,Active
10371,Male,71,7,Checking,2350.44,Yes,No,No,No,No,No,No,No,No,Active
10372,Male,42,7,Checking,654.5,No,No,No,No,No,No,No,No,No,Active
10373,Female,61,6,Savings,940.93,Yes,No,No,Yes,No,No,No,No,No,Active
10374,Female,52,10,Savings,2489.57,Yes,Yes,No,No,No,Yes,Yes,No,Yes,Active
10375,Female,50,5,Checking,1232.18,Yes,No,Yes,No,Yes,No,No,No,No,Active
10376,Male,66,8,Savings,1238.63,Yes,No,No,Yes,Yes,No,No,No,No,Active
10377,Female,64,6,Checking,888.43,Yes,Yes,No,Yes,Yes,Yes,No,No,No,Active
10378,Male,32,8,Checking,1925.83,Yes,No,Yes,Yes,No,Yes,Yes,No,No,Active
10379,Male,25,7,Savings,3334.04,No,No,No,No,No,No,No,No,No,Active
10380,Female,59,5,Fixed Deposit,341.22,Yes,No,No,No,Yes,Yes,Yes,No,No,Active
10381,Female,37,3,Savings,2062.91,Yes,No,No,No,No,No,No,Yes,No,Active
10382,Male,22,6,Savings,437.63,No,No,No,No,No,No,No,No,No,Churned
10383,Male,51,2,Savings,920.72,No,No,No,No,No,No,No,No,No,Active
10384,Female,56,7,Investment,3333.26,Yes,No,No,No,No,No,No,No,Yes,Active
10385,Male,46,4,Loan,967.89,Yes,No,No,No,No,Yes,Yes,Yes,No,Active
10386,Male,53,4,Checking,1030.09,Yes,No,Yes,No,No,No,No,No,No,Active
10387,Female,73,4,Loan,2791.44,Yes,No,Yes,No,Yes,No,No,Yes,No,Active
10388,Male,21,3,Savings,2254.08,No,No,No,No,No,No,No,No,No,Active
10389,Female,29,8,Savings,658.16,No,No,No,No,No,No,No,No,No,Active
10390,Male,32,7,Checking,343.77,No,No,No,No,No,No,No,No,No,Active
10391,Female,70,3,Checking,1169.85,No,No,No,No,No,No,No,No,No,Active
10392,Female,39,3,Investment,2378.11,Yes,Yes,No,No,No,Yes,No,No,No,Active
10393,Female,59,8,Checking,1192.65,Yes,No,No,No,Yes,Yes,Yes,No,Yes,Active
10394,Male,56,7,Investment,3447.57,No,No,No,No,No,No,No,No,No,Active
10395,Male,69,3,Checking,1924.53,No,No,No,No,No,No,No,No,No,Active
10396,Male,36,7,Investment,7616.4,No,No,No,No,No,No,No,No,No,Active
10397,Male,23,6,Savings,1455.38,No,No,No,No,No,No,No,No,No,Active
10398,Male,40,4,Savings,2806.34,No,No,No,No,No,No,No,No,No,Active
10399,Male,66,3,Savings,2972.72,No,No,No,No,No,No,No,No,No,Active
10400,Female,62,5,Investment,4987.64,Yes,No,No,No,Yes,No,No,No,No,Active
10401,Female,60,1,Savings,3141.03,No,No,No,No,No,No,No,No,No,New
10402,Male,41,6,Savings,443.96,No,No,No,No,No,No,No,No,No,Churned
10403,Female,19,5,Savings,455.75,No,No,No,No,No,No,No,No,No,Active
10404,Male,53,6,Savings,1319.1,Yes,Yes,Yes,Yes,Yes,No,No,No,No,Active
10405,Female,30,5,Checking,2699.38,No,No,No,No,No,No,No,No,No,Active
10406,Female,30,6,Checking,1670.12,No,No,No,No,No,No,No,No,No,Active
10407,Male,60,8,Investment,5057.75,No,No,No,No,No,No,No,No,No,Active
10408,Female,29,8,Investment,7165.9,Yes,No,No,Yes,No,No,No,No,No,Active
10409,Female,54,4,Checking,304.58,No,No,No,No,No,No,No,No,No,Active
10410,Male,18,9,Savings,391.15,No,No,No,No,No,No,No,No,No,Active
10411,Female,73,10,Savings,1773.65,Yes,No,No,No,Yes,Yes,Yes,Yes,No,Active
10412,Male,25,5,Savings,740.73,No,No,No,No,No,No,No,No,No,Active
10413,Male,55,4,Checking,678.64,No,No,No,No,No,No,No,No,No,Active
10414,Male,34,4,Investment,5697.73,Yes,Yes,No,No,No,No,No,Yes,No,Active
10415,Female,60,11,Investment,2446.68,Yes,No,Yes,No,No,No,No,No,No,Active
10416,Male,69,8,Savings,1674.83,No,No,No,No,No,No,No,No,No,Active
10417,Female,24,6,Savings,3181.75,No,No,No,No,No,No,No,No,No,Active
10418,Female,53,9,Savings,892.03,Yes,No,No,Yes,Yes,No,No,No,No,Active
10419,Male,62,7,Checking,2077.18,Yes,No,No,No,No,Yes,No,No,Yes,Active
10420,Male,37,3,Savings,474.46,No,No,No,No,No,No,No,No,No,Active
10421,Female,28,3,Savings,1937.69,No,No,No,No,No,No,No,No,No,Active
10422,Female,50,6,Savings,1515.98,No,No,No,No,No,No,No,No,No,Active
10423,Male,43,5,Savings,1810.5,Yes,No,Yes,No,No,No,No,Yes,No,Active
10424,Female,58,5,Savings,2626.62,Yes,No,Yes,No,Yes,No,Yes,No,No,Active
10425,Female,42,10,Checking,2961.18,No,No,No,No,No,No,No,No,No,Active
10426,Female,31,6,Investment,6330.17,No,No,No,No,No,No,No,No,No,Active
10427,Female,69,5,Savings,844.67,No,No,No,No,No,No,No,No,No,Active
10428,Male,46,4,Investment,5322.13,Yes,No,No,No,Yes,No,No,No,No,Active
10429,Female,67,8,Investment,5865.45,No,No,No,No,No,No,No,No,No,Active
10430,Male,32,4,Loan,2814.88,No,No,No,No,No,No,No,No,No,Active
10431,Male,56,6,Investment,2003.08,Yes,No,Yes,No,Yes,Yes,No,No,No,Active
10432,Female,27,7,Checking,2384.09,No,No,No,No,No,No,No,No,No,Active
10433,Male,54,8,Checking,1396.75,No,No,No,No,No,No,No,No,No,Active
10434,Male,52,6,Savings,407.76,Yes,No,No,No,No,Yes,No,No,No,Active
10435,Male,28,5,Investment,6837.11,Yes,No,Yes,Yes,No,No,No,No,No,Active
10436,Female,72,4,Savings,1016.98,No,No,No,No,No,No,No,No,No,Active
10437,Male,36,5,Savings,1766.49,Yes,Yes,No,Yes,Yes,No,No,No,Yes,Active
10438,Male,62,4,Fixed Deposit,917.25,Yes,Yes,No,No,No,No,No,No,No,Active
10439,Female,26,10,Checking,2893.02,No,No,No,No,No,No,No,No,No,Active
10440,Male,18,7,Savings,1106.7,No,No,No,No,No,No,No,No,No,Active
10441,Female,20,8,Savings,2094.37,No,No,No,No,No,No,No,No,No,Active
10442,Female,33,8,Investment,1797.15,Yes,No,No,No,Yes,No,Yes,Yes,No,Active
10443,Female,18,5,Investment,5143.57,Yes,No,No,No,No,Yes,No,Yes,Yes,Active
10444,Female,33,6,Savings,1520.33,Yes,No,No,No,Yes,No,No,Yes,No,Churned
10445,Male,48,4,Savings,1272.34,No,No,No,No,No,No,No,No,No,Active
10446,Male,35,9,Savings,1031.03,Yes,No,Yes,Yes,No,No,No,No,Yes,Active
10447,Male,31,9,Checking,2259.32,Yes,No,No,No,No,Yes,No,Yes,No,Active
10448,Female,38,7,Checking,2278.59,Yes,No,No,No,No,No,No,Yes,No,Active
10449,Male,48,4,Checking,3200.68,Yes,No,No,Yes,Yes,No,No,Yes,No,Active
10450,Female,43,7,Savings,3469.74,Yes,No,No,Yes,Yes,Yes,No,No,No,Active
10451,Male,47,4,Loan,2655.15,No,No,No,No,No,No,No,No,No,Active
10452,Female,74,5,Checking,2704.13,Yes,No,Yes,No,No,No,Yes,No,No,Active
10453,Female,26,1,Savings,1605.7,No,No,No,No,No,No,No,No,No,New
10454,Female,56,1,Investment,4903.59,Yes,No,No,No,Yes,Yes,Yes,No,No,New
10455,Male,19,7,Investment,5523.07,Yes,No,No,No,No,Yes,Yes,Yes,No,Active
10456,Male,34,10,Savings,442.94,Yes,Yes,Yes,No,No,No,Yes,No,No,Churned
10457,Male,48,7,Savings,2869.81,Yes,No,Yes,Yes,No,No,No,No,Yes,Active
10458,Male,22,8,Investment,5568.43,Yes,No,No,No,No,No,No,No,Yes,Active
10459,Female,27,5,Savings,2767.07,No,No,No,No,No,No,No,No,No,Active
10460,Male,42,6,Savings,2195.72,Yes,No,Yes,No,No,No,No,No,No,Active
10461,Male,63,5,Investment,3350.45,No,No,No,No,No,No,No,No,No,Active
10462,Male,26,4,Savings,1361.95,No,No,No,No,No,No,No,No,No,Active
10463,Male,45,6,Checking,2969.91,Yes,No,No,No,No,No,Yes,No,No,Active
10464,Male,47,3,Checking,2782.56,Yes,No,No,Yes,Yes,No,Yes,No,No,Active
10465,Female,36,4,Fixed Deposit,327.5,No,No,No,No,No,No,No,No,No,Active
10466,Male,28,7,Savings,2795.84,No,No,No,No,No,No,No,No,No,Active
10467,Female,27,10,Savings,2116.36,No,No,No,No,No,No,No,No,No,Active
10468,Female,65,6,Savings,1138.05,Yes,No,No,No,No,Yes,No,No,No,Active
10469,Male,71,5,Checking,3358.57,Yes,No,No,No,No,Yes,No,No,No,Churned
10470,Male,52,3,Checking,2430.71,No,No,No,No,No,No,No,No,No,Active
10471,Male,67,2,Checking,365.14,No,No,No,No,No,No,No,No,No,Active
10472,Female,49,8,Savings,2762.42,No,No,No,No,No,No,No,No,No,Active
10473,Female,37,6,Checking,2281.25,Yes,No,No,Yes,Yes,Yes,No,Yes,No,Active
10474,Female,61,8,Savings,2880.2,Yes,No,No,No,No,No,No,No,No,Active
10475,Male,54,5,Investment,1999.89,Yes,No,No,No,Yes,No,No,No,No,Active
10476,Female,23,7,Fixed Deposit,983.53,Yes,No,Yes,No,Yes,Yes,No,No,No,Active
10477,Male,71,8,Checking,1180.89,Yes,No,Yes,No,No,Yes,No,No,Yes,Active
10478,Male,22,9,Checking,3003.27,No,No,No,No,No,No,No,No,No,Churned
10479,Female,56,7,Savings,3201.26,Yes,No,Yes,No,No,Yes,No,No,Yes,Active
10480,Male,26,3,Savings,2210.43,No,No,No,No,No,No,No,No,No,Active
10481,Female,73,6,Checking,2775.92,Yes,Yes,No,No,No,Yes,No,No,Yes,Active
10482,Female,28,7,Savings,983.53,No,No,No,No,No,No,No,No,No,Active
10483,Male,48,7,Savings,326.42,No,No,No,No,No,No,No,No,No,Active
10484,Male,48,4,Checking,2751.6,Yes,Yes,Yes,No,Yes,No,No,No,No,Churned
10485,Male,18,6,Investment,6404.98,Yes,No,No,No,No,No,Yes,No,No,Active
10486,Female,36,6,Checking,1741.71,Yes,No,No,No,Yes,Yes,Yes,No,No,Active
10487,Female,42,6,Checking,3488.24,Yes,No,No,No,No,No,Yes,No,No,Active
10488,Male,51,6,Investment,4514.8,No,No,No,No,No,No,No,No,No,Active
10489,Male,36,10,Savings,2669.14,No,No,No,No,No,No,No,No,No,Active
10490,Female,33,7,Checking,1086.2,No,No,No,No,No,No,No,No,No,Active
10491,Female,32,4,Checking,1567.45,Yes,Yes,No,Yes,No,No,No,No,No,Active
10492,Male,66,8,Investment,6712.21,No,No,No,No,No,No,No,No,No,Active
10493,Male,62,7,Checking,2845.39,No,No,No,No,No,No,No,No,No,Active
10494,Male,58,5,Savings,1291.18,Yes,No,No,Yes,No,No,No,No,Yes,Active
10495,Male,43,4,Savings,3310.46,Yes,No,Yes,Yes,No,No,No,No,No,Active
10496,Male,55,4,Loan,1923.43,Yes,No,Yes,No,Yes,Yes,No,No,No,Active
10497,Male,73,5,Checking,3400.34,No,No,No,No,No,No,No,No,No,Active
10498,Female,36,4,Fixed Deposit,694.63,Yes,No,Yes,Yes,No,Yes,No,No,No,Active
10499,Male,69,4,Savings,3463.6,Yes,Yes,No,No,Yes,No,No,No,Yes,Active
10500,Male,23,8,Checking,1709.88,No,No,No,No,No,No,No,No,No,Active
10501,Female,72,5,Savings,470.4,No,No,No,No,No,No,No,No,No,Active
10502,Male,31,6,Checking,974.3,Yes,No,No,No,Yes,Yes,Yes,No,No,Active
10503,Male,62,4,Savings,2400.81,Yes,No,No,No,No,Yes,No,No,No,Active
10504,Female,70,4,Checking,1473.11,Yes,No,No,No,No,No,Yes,No,No,Active
10505,Male,74,6,Savings,1194.52,Yes,No,Yes,No,Yes,Yes,No,No,No,Active
10506,Female,48,10,Savings,2093.7,Yes,No,No,No,Yes,No,Yes,Yes,No,Active
10507,Male,63,6,Savings,3226.51,Yes,No,No,No,No,No,No,No,No,Active
10508,Female,19,5,Fixed Deposit,535.47,Yes,No,No,No,No,No,No,No,Yes,Active
10509,Male,39,10,Checking,1994.86,Yes,Yes,No,Yes,No,No,Yes,No,No,Active
10510,Male,72,7,Investment,2233.45,Yes,No,No,No,Yes,Yes,No,No,Yes,Active
10511,Male,28,6,Checking,3383.35,Yes,No,No,No,No,No,Yes,No,No,Active
10512,Male,37,6,Checking,630.1,Yes,No,Yes,Yes,No,Yes,No,No,No,Active
10513,Male,54,6,Savings,1225.62,Yes,No,No,No,Yes,No,No,No,No,Active
10514,Male,30,4,Checking,1380.21,No,No,No,No,No,No,No,No,No,Active
10515,Female,56,5,Investment,6163.08,Yes,Yes,Yes,No,No,No,No,No,No,Active
10516,Male,29,3,Savings,1080.13,No,No,No,No,No,No,No,No,No,Active
10517,Female,29,9,Savings,3307.3,Yes,No,No,No,No,No,No,No,Yes,Active
10518,Male,29,10,Checking,552.98,No,No,No,No,No,No,No,No,No,Active
10519,Female,27,2,Checking,2757.13,No,No,No,No,No,No,No,No,No,Active
10520,Female,64,6,Savings,3452.58,Yes,Yes,Yes,No,No,Yes,No,No,Yes,Active
10521,Male,28,6,Savings,2441.55,No,No,No,No,No,No,No,No,No,Active
10522,Male,74,3,Checking,3379.42,No,No,No,No,No,No,No,No,No,Active
10523,Male,46,3,Investment,4822.06,Yes,No,Yes,No,No,Yes,Yes,Yes,No,Active
10524,Male,32,6,Savings,3243.9,Yes,Yes,No,Yes,Yes,No,No,No,Yes,Active
10525,Male,18,4,Savings,2387.29,Yes,No,No,No,Yes,No,Yes,No,No,Active
10526,Female,58,11,Savings,2294.33,Yes,No,No,No,Yes,No,No,No,No,Churned
10527,Male,19,5,Savings,680.11,No,No,No,No,No,No,No,No,No,Active
10528,Female,51,6,Savings,1873.14,Yes,Yes,Yes,No,No,Yes,No,Yes,No,Active
10529,Female,46,5,Savings,2283.85,Yes,Yes,Yes,No,No,No,No,Yes,No,Active
10530,Male,74,6,Investment,6265.07,Yes,No,Yes,No,Yes,No,Yes,No,Yes,Active
10531,Female,45,7,Savings,2806.23,No,No,No,No,No,No,No,No,No,Active
10532,Female,53,5,Fixed Deposit,559.04,Yes,No,No,Yes,Yes,No,No,No,No,Active
10533,Male,62,7,Savings,3044.2,Yes,Yes,Yes,No,Yes,No,No,Yes,No,Active
10534,Male,63,7,Checking,1171.04,Yes,No,No,No,No,No,Yes,Yes,Yes,Active
10535,Male,54,4,Fixed Deposit,240.78,Yes,Yes,No,No,Yes,Yes,No,No,No,Active
10536,Female,37,5,Savings,2777.6,Yes,No,Yes,Yes,No,No,No,No,No,Active
10537,Male,25,9,Checking,1941.6,No,No,No,No,No,No,No,No,No,Active
10538,Female,49,3,Investment,3745.41,Yes,No,Yes,No,Yes,Yes,No,No,No,Active
10539,Male,60,9,Savings,2536.66,Yes,No,No,No,Yes,No,Yes,Yes,Yes,Active
10540,Female,61,7,Investment,2162.95,Yes,No,No,Yes,No,No,Yes,No,Yes,Active
10541,Male,41,4,Savings,1660.07,No,No,No,No,No,No,No,No,No,Active
10542,Male,23,8,Savings,1140.49,Yes,No,Yes,No,No,Yes,No,Yes,Yes,Active
10543,Female,18,7,Checking,3033.53,No,No,No,No,No,No,No,No,No,Active
10544,Female,49,6,Investment,5442.88,Yes,Yes,No,Yes,Yes,No,No,No,No,Active
10545,Male,29,9,Savings,2818.19,No,No,No,No,No,No,No,No,No,Active
10546,Female,56,4,Savings,3372.94,Yes,Yes,No,Yes,No,Yes,No,No,Yes,Active
10547,Male,60,5,Checking,3171.49,Yes,No,No,No,Yes,No,No,No,No,Active
10548,Male,64,6,Savings,2490.59,Yes,No,No,Yes,No,No,No,Yes,No,Active
10549,Female,32,6,Checking,2374.73,No,No,No,No,No,No,No,No,No,Active
10550,Male,52,5,Checking,829.21,Yes,No,Yes,No,No,Yes,No,No,No,Active
10551,Female,54,8,Savings,1473.02,Yes,No,Yes,No,Yes,No,Yes,No,Yes,Active
10552,Male,63,4,Savings,2964.24,Yes,No,No,Yes,Yes,Yes,Yes,No,No,Active
10553,Male,27,9,Savings,653.26,Yes,No,No,Yes,No,Yes,No,No,No,Active
10554,Male,34,6,Investment,2783.53,Yes,No,No,Yes,No,No,Yes,No,No,Active
10555,Male,38,5,Fixed Deposit,300.37,Yes,No,No,No,No,Yes,Yes,Yes,No,Active
10556,Female,24,9,Savings,2941.8,No,No,No,No,No,No,No,No,No,Churned
10557,Female,23,7,Checking,1473.34,No,No,No,No,No,No,No,No,No,Active
10558,Male,26,3,Fixed Deposit,384.25,Yes,No,No,No,Yes,No,No,Yes,No,Active
10559,Female,71,5,Savings,1622.49,Yes,No,No,No,No,No,No,Yes,Yes,Active
10560,Male,45,9,Checking,2355.92,Yes,No,Yes,No,No,No,No,No,Yes,Active
10561,Male,42,6,Investment,1923.79,Yes,No,Yes,No,No,No,No,No,No,Active
10562,Female,41,6,Investment,5056.62,Yes,No,No,No,No,No,Yes,Yes,No,Active
10563,Female,51,2,Savings,1700.54,No,No,No,No,No,No,No,No,No,Active
10564,Female,22,5,Checking,2916.67,No,No,No,No,No,No,No,No,No,Active
10565,Male,32,9,Checking,1430.94,No,No,No,No,No,No,No,No,No,Active
10566,Female,70,4,Checking,3459.78,No,No,No,No,No,No,No,No,No,Active
10567,Male,64,8,Savings,2804.44,Yes,No,No,No,No,No,No,No,No,Active
10568,Female,31,8,Investment,7478.63,Yes,No,No,No,Yes,No,No,No,No,Active
10569,Female,62,9,Checking,1907.54,Yes,No,Yes,No,No,No,No,Yes,No,Active
10570,Male,32,8,Savings,469.44,Yes,No,No,No,Yes,No,No,Yes,Yes,Active
10571,Female,22,6,Savings,2860.41,No,No,No,No,No,No,No,No,No,Active
10572,Male,36,2,Savings,640.81,No,No,No,No,No,No,No,No,No,Active
10573,Female,27,2,Investment,5160.87,Yes,No,No,No,Yes,No,Yes,No,Yes,Active
10574,Female,45,7,Investment,3849.41,Yes,Yes,No,No,Yes,No,Yes,Yes,No,Active
10575,Female,19,7,Fixed Deposit,915.09,Yes,No,No,Yes,No,Yes,No,Yes,No,Active
10576,Female,70,4,Savings,3029.39,Yes,No,No,No,Yes,No,Yes,No,No,Active
10577,Male,42,11,Investment,7396.4,Yes,No,No,Yes,No,No,No,No,No,Active
10578,Male,30,6,Savings,2275.47,Yes,No,No,No,Yes,No,No,No,Yes,Active
10579,Female,51,9,Checking,2035.11,Yes,No,No,No,Yes,Yes,No,No,Yes,Active
10580,Female,54,8,Checking,446.35,No,No,No,No,No,No,No,No,No,Active
10581,Male,69,7,Loan,1682.62,Yes,No,No,No,No,No,No,No,Yes,Active
10582,Female,57,5,Investment,5746.36,No,No,No,No,No,No,No,No,No,Active
10583,Female,39,7,Investment,4925.77,Yes,No,Yes,No,No,No,Yes,No,No,Active
10584,Female,22,5,Savings,1397.34,Yes,No,No,Yes,No,No,No,No,No,Active
10585,Female,51,8,Checking,2432.62,Yes,No,Yes,No,No,Yes,Yes,No,No,Active
10586,Female,56,5,Savings,1537.88,Yes,No,No,No,Yes,No,Yes,No,No,Active
10587,Male,55,3,Checking,2939.7,No,No,No,No,No,No,No,No,No,Active
10588,Male,24,5,Savings,1355.23,No,No,No,No,No,No,No,No,No,Churned
10589,Male,33,4,Savings,2327.23,No,No,No,No,No,No,No,No,No,Active
10590,Female,18,5,Checking,1220.24,No,No,No,No,No,No,No,No,No,Active
10591,Female,72,7,Checking,1535.12,No,No,No,No,No,No,No,No,No,Active
10592,Female,56,7,Checking,1270.16,No,No,No,No,No,No,No,No,No,Active
10593,Male,28,6,Checking,1246.51,Yes,No,No,No,No,No,Yes,Yes,No,Active
10594,Female,30,2,Savings,1333.28,No,No,No,No,No,No,No,No,No,Active
10595,Female,51,6,Savings,364.15,Yes,No,No,Yes,Yes,Yes,No,No,No,Active
10596,Male,32,6,Savings,1592.6,No,No,No,No,No,No,No,No,No,Active
10597,Male,57,3,Checking,3421.15,No,No,No,No,No,No,No,No,No,Active
10598,Female,50,9,Checking,3213.91,Yes,No,No,Yes,Yes,No,No,Yes,Yes,Active
10599,Male,70,9,Checking,823.72,Yes,No,No,No,No,No,Yes,No,Yes,Active
10600,Female,71,7,Savings,2727.71,Yes,No,Yes,No,No,No,No,No,No,Active
10601,Female,44,7,Fixed Deposit,854.05,No,No,No,No,No,No,No,No,No,Active
10602,Female,55,4,Checking,1887.52,No,No,No,No,No,No,No,No,No,Active
10603,Female,74,9,Checking,2263.85,Yes,Yes,Yes,No,No,No,Yes,No,No,Active
10604,Male,43,3,Savings,524.6,No,No,No,No,No,No,No,No,No,Churned
10605,Male,49,4,Investment,1830.09,Yes,No,No,No,Yes,No,No,Yes,Yes,Active
10606,Female,23,4,Savings,507.8,Yes,No,No,No,No,No,Yes,No,No,Active
10607,Male,62,10,Savings,3067.2,Yes,No,No,No,Yes,No,Yes,No,No,Active
10608,Female,36,6,Savings,2969.41,Yes,Yes,No,Yes,No,No,Yes,Yes,No,Active
10609,Male,47,2,Checking,1976.71,No,No,No,No,No,No,No,No,No,Active
10610,Female,19,8,Savings,535.6,No,No,No,No,No,No,No,No,No,Active
10611,Female,40,3,Checking,1641.81,Yes,No,No,No,No,Yes,No,Yes,No,Active
10612,Male,69,8,Loan,1422.65,No,No,No,No,No,No,No,No,No,Active
10613,Male,33,10,Investment,6900.86,No,No,No,No,No,No,No,No,No,Active
10614,Female,62,10,Savings,1662.56,Yes,No,No,No,No,Yes,Yes,No,No,Active
10615,Male,59,5,Checking,2745.74,Yes,No,No,No,Yes,Yes,Yes,No,No,Active
10616,Male,30,2,Checking,705.02,No,No,No,No,No,No,No,No,No,Active
10617,Male,64,7,Investment,3361.32,Yes,Yes,No,No,Yes,No,No,No,Yes,Active
10618,Male,27,6,Loan,1675.48,No,No,No,No,No,No,No,No,No,Active
10619,Male,64,4,Investment,2075.16,Yes,No,Yes,Yes,No,No,Yes,No,No,Active
10620,Male,37,6,Investment,7170.32,Yes,No,Yes,No,Yes,No,Yes,No,No,Active
10621,Female,22,6,Fixed Deposit,496.95,Yes,No,No,No,No,No,Yes,Yes,Yes,Active
10622,Male,60,6,Checking,3389.03,Yes,No,No,Yes,No,Yes,Yes,No,No,Active
10623,Male,25,6,Investment,6122.66,Yes,No,No,Yes,No,No,No,No,No,Active
10624,Female,72,10,Checking,395.53,Yes,No,No,No,No,No,No,Yes,Yes,Churned
10625,Male,37,10,Savings,1429.64,No,No,No,No,No,No,No,No,No,Active
10626,Female,71,8,Investment,7984.01,Yes,No,No,No,No,No,No,No,No,Active
10627,Male,48,6,Checking,1842.53,No,No,No,No,No,No,No,No,No,Active
10628,Male,25,10,Savings,1197.29,No,No,No,No,No,No,No,No,No,Active
10629,Male,35,2,Savings,2851.17,No,No,No,No,No,No,No,No,No,Active
10630,Female,35,8,Checking,850.38,No,No,No,No,No,No,No,No,No,Active
10631,Female,20,6,Checking,2835.46,No,No,No,No,No,No,No,No,No,Active
10632,Female,31,6,Savings,2148.33,Yes,No,No,No,No,No,Yes,Yes,Yes,Active
10633,Male,37,6,Checking,2387.87,Yes,No,No,No,No,Yes,No,Yes,Yes,Active
10634,Female,33,6,Savings,3196.79,Yes,No,Yes,No,No,Yes,Yes,No,Yes,Active
10635,Female,50,4,Checking,2046.67,Yes,Yes,No,No,Yes,Yes,No,Yes,No,Active
10636,Female,32,3,Savings,2393.1,No,No,No,No,No,No,No,No,No,Active
10637,Female,26,5,Investment,3974.09,Yes,No,No,No,No,Yes,Yes,No,No,Active
10638,Male,50,6,Fixed Deposit,728.55,Yes,No,Yes,No,No,Yes,No,Yes,No,Active
10639,Male,60,5,Checking,2523.04,No,No,No,No,No,No,No,No,No,Active
10640,Male,44,4,Investment,6355.06,Yes,No,Yes,No,Yes,Yes,No,No,No,Active
10641,Male,69,5,Checking,2271.64,No,No,No,No,No,No,No,No,No,Active
10642,Male,56,6,Fixed Deposit,697.95,Yes,Yes,Yes,No,No,Yes,No,No,No,Active
10643,Male,72,5,Savings,380.83,No,No,No,No,No,No,No,No,No,Active
10644,Male,30,7,Checking,2730.74,Yes,Yes,No,No,Yes,Yes,No,Yes,No,Active
10645,Male,71,3,Checking,2314.49,No,No,No,No,No,No,No,No,No,Active
10646,Male,30,8,Checking,671.1,No,No,No,No,No,No,No,No,No,Active
10647,Female,32,3,Checking,3146.89,No,No,No,No,No,No,No,No,No,Active
10648,Female,51,4,Checking,3259.66,Yes,Yes,No,No,No,No,Yes,No,Yes,Active
10649,Male,68,4,Savings,313.28,Yes,No,Yes,No,No,No,No,No,No,Active
10650,Female,25,5,Savings,1122.14,No,No,No,No,No,No,No,No,No,Active
10651,Female,20,8,Savings,3001.54,No,No,No,No,No,No,No,No,No,Active
10652,Female,56,7,Investment,5846.29,No,No,No,No,No,No,No,No,No,Active
10653,Female,71,5,Savings,2414.74,Yes,Yes,No,No,No,No,No,No,No,Active
10654,Female,45,4,Savings,1937.03,No,No,No,No,No,No,No,No,No,Active
10655,Male,50,4,Checking,2893.94,No,No,No,No,No,No,No,No,No,Active
10656,Male,52,3,Checking,1600.93,Yes,No,Yes,No,Yes,Yes,No,No,Yes,Active
10657,Female,57,6,Investment,7897.53,Yes,No,Yes,No,Yes,No,No,No,No,Active
10658,Male,23,5,Savings,382.26,No,No,No,No,No,No,No,No,No,Active
10659,Female,46,8,Investment,5470.35,Yes,No,Yes,No,No,No,No,Yes,Yes,Active
10660,Male,57,5,Checking,1212.78,Yes,No,No,No,Yes,No,No,No,No,Active
10661,Male,58,3,Checking,1538.59,No,No,No,No,No,No,No,No,No,Active
10662,Female,46,6,Savings,1543.32,Yes,No,Yes,No,No,No,No,Yes,No,Active
10663,Female,20,8,Savings,2723.47,No,No,No,No,No,No,No,No,No,Active
10664,Male,65,8,Savings,2928.34,No,No,No,No,No,No,No,No,No,Active
10665,Female,72,8,Investment,7290.22,No,No,No,No,No,No,No,No,No,Active
10666,Male,65,7,Savings,1156.94,Yes,Yes,Yes,No,No,No,No,No,No,Active
10667,Male,67,6,Checking,2734.33,No,No,No,No,No,No,No,No,No,Active
10668,Male,57,5,Investment,4241.13,No,No,No,No,No,No,No,No,No,Active
10669,Male,51,5,Savings,2302.79,Yes,No,Yes,Yes,No,No,No,No,No,Active
10670,Female,66,9,Checking,1344.95,No,No,No,No,No,No,No,No,No,Active
10671,Male,24,6,Savings,1820.19,No,No,No,No,No,No,No,No,No,Active
10672,Female,63,6,Investment,1694.61,Yes,Yes,Yes,Yes,No,No,Yes,No,No,Active
10673,Female,40,5,Savings,1420.37,No,No,No,No,No,No,No,No,No,Active
10674,Male,29,5,Savings,1516.55,No,No,No,No,No,No,No,No,No,Active
10675,Female,44,7,Investment,3487.74,Yes,No,No,No,Yes,No,Yes,Yes,Yes,Active
10676,Female,29,4,Savings,1467.88,No,No,No,No,No,No,No,No,No,Active
10677,Male,35,4,Investment,4796.82,Yes,No,Yes,No,No,Yes,No,Yes,Yes,Active
10678,Male,46,9,Checking,697.42,Yes,No,Yes,No,No,No,No,No,No,Active
10679,Male,25,10,Savings,1255.83,No,No,No,No,No,No,No,No,No,Active
10680,Male,25,3,Savings,3471.54,No,No,No,No,No,No,No,No,No,Active
10681,Male,63,6,Loan,2559.86,Yes,Yes,Yes,No,No,No,No,No,No,Active
10682,Female,42,4,Savings,2647.98,Yes,Yes,No,No,No,Yes,No,No,Yes,Active
10683,Female,28,4,Savings,1675.63,No,No,No,No,No,No,No,No,No,Active
10684,Female,25,6,Savings,2025.65,No,No,No,No,No,No,No,No,No,Active
10685,Female,21,7,Savings,2245.28,No,No,No,No,No,No,No,No,No,Active
10686,Female,71,9,Savings,2228.33,Yes,Yes,No,No,No,No,Yes,No,No,Active
10687,Male,23,8,Savings,617.87,No,No,No,No,No,No,No,No,No,Active
10688,Female,64,6,Savings,1717.51,No,No,No,No,No,No,No,No,No,Active
10689,Female,71,10,Savings,1259.57,No,No,No,No,No,No,No,No,No,Active
10690,Male,26,8,Checking,2777.25,No,No,No,No,No,No,No,No,No,Active
10691,Female,21,7,Checking,1315.45,Yes,No,No,No,No,Yes,No,Yes,No,Active
10692,Female,64,2,Savings,2848.74,No,No,No,No,No,No,No,No,No,Active
10693,Male,22,5,Fixed Deposit,219.0,Yes,No,Yes,Yes,Yes,Yes,No,No,No,Active
10694,Male,58,9,Savings,2597.85,No,No,No,No,No,No,No,No,No,Active
10695,Male,33,7,Savings,2828.42,Yes,Yes,Yes,No,Yes,No,No,No,No,Active
10696,Female,22,2,Checking,2975.37,No,No,No,No,No,No,No,No,No,Active
10697,Male,27,6,Checking,308.77,No,No,No,No,No,No,No,No,No,Active
10698,Female,32,6,Investment,3512.41,Yes,Yes,Yes,No,No,No,No,No,No,Active
10699,Female,25,5,Fixed Deposit,488.74,Yes,Yes,Yes,No,No,No,No,No,No,Active
10700,Female,37,7,Investment,7974.04,No,No,No,No,No,No,No,No,No,Active
10701,Female,44,6,Checking,2798.27,Yes,No,No,No,No,Yes,No,No,No,Active
10702,Male,53,8,Savings,1567.24,Yes,No,No,No,Yes,No,No,Yes,No,Active
10703,Female,20,7,Checking,3058.35,Yes,No,No,No,Yes,No,No,No,No,Active
10704,Female,26,10,Investment,2590.86,Yes,No,Yes,Yes,No,Yes,No,No,No,Active
10705,Female,23,4,Savings,1792.24,No,No,No,No,No,No,No,No,No,Active
10706,Male,23,6,Savings,2928.72,No,No,No,No,No,No,No,No,No,Active
10707,Female,38,5,Savings,1332.73,Yes,No,No,No,Yes,No,Yes,No,No,Active
10708,Male,50,5,Savings,2337.24,Yes,Yes,No,No,Yes,No,Yes,Yes,No,Churned
10709,Male,46,5,Savings,686.75,Yes,Yes,No,Yes,No,Yes,Yes,No,No,Active
10710,Female,72,10,Checking,1428.52,Yes,Yes,No,No,No,No,Yes,No,No,Active
10711,Male,51,4,Investment,1809.22,Yes,No,No,No,Yes,Yes,No,No,No,Active
10712,Female,48,6,Savings,600.27,No,No,No,No,No,No,No,No,No,Active
10713,Male,53,8,Savings,746.35,No,No,No,No,No,No,No,No,No,Active
10714,Male,44,5,Checking,962.99,Yes,Yes,No,No,No,No,No,No,No,Active
10715,Male,43,3,Fixed Deposit,918.71,Yes,Yes,No,No,No,No,No,No,No,Active
10716,Female,69,8,Checking,1475.1,Yes,Yes,No,No,No,No,Yes,No,No,Active
10717,Female,48,9,Fixed Deposit,305.51,Yes,Yes,No,No,No,No,No,No,Yes,Active
10718,Male,24,6,Savings,2949.86,No,No,No,No,No,No,No,No,No,Active
10719,Male,62,4,Savings,2843.27,Yes,Yes,No,Yes,No,Yes,No,No,No,Churned
10720,Female,67,6,Investment,5455.51,Yes,No,No,No,No,No,No,No,Yes,Active
10721,Female,41,13,Checking,1225.84,Yes,No,No,Yes,No,Yes,No,No,No,Active
10722,Female,22,5,Savings,1192.43,No,No,No,No,No,No,No,No,No,Active
10723,Female,23,7,Checking,1207.12,No,No,No,No,No,No,No,No,No,Active
10724,Male,62,7,Savings,2605.31,Yes,Yes,No,No,No,No,No,No,Yes,Active
10725,Male,62,8,Checking,1964.26,Yes,Yes,No,No,No,Yes,No,No,No,Active
10726,Female,24,4,Savings,2843.16,No,No,No,No,No,No,No,No,No,Active
10727,Female,51,5,Checking,2471.14,Yes,No,No,No,No,No,Yes,No,No,Active
10728,Female,51,4,Savings,2308.27,Yes,No,No,Yes,No,No,Yes,No,No,Active
10729,Female,37,5,Investment,6224.25,No,No,No,No,No,No,No,No,No,Active
10730,Female,25,5,Checking,727.97,Yes,No,Yes,No,No,No,No,No,No,Active
10731,Female,64,4,Checking,619.39,Yes,No,Yes,No,No,No,Yes,No,No,Active
10732,Male,70,14,Checking,2959.65,Yes,Yes,No,No,No,No,Yes,No,No,Active
10733,Male,20,8,Savings,3049.29,No,No,No,No,No,No,No,No,No,Active
10734,Female,38,3,Checking,953.03,No,No,No,No,No,No,No,No,No,Active
10735,Female,67,5,Savings,3154.91,Yes,No,Yes,No,No,No,Yes,No,No,Active
10736,Male,73,5,Checking,1498.95,Yes,Yes,No,Yes,No,No,Yes,No,No,Active
10737,Male,39,4,Savings,1870.78,Yes,No,Yes,No,No,No,No,Yes,No,Active
10738,Female,58,8,Loan,1132.89,No,No,No,No,No,No,No,No,No,Active
10739,Female,74,3,Investment,2687.96,Yes,No,No,Yes,No,No,No,No,No,Active
10740,Female,55,4,Savings,1623.84,Yes,No,No,Yes,No,No,No,No,No,Active
10741,Male,58,5,Savings,1402.72,Yes,No,No,No,Yes,Yes,No,No,No,Active
10742,Female,63,4,Savings,3105.79,Yes,No,Yes,No,No,No,No,No,Yes,Churned
10743,Female,43,4,Savings,3091.74,Yes,No,No,No,No,No,Yes,No,Yes,Active
10744,Female,53,3,Savings,2634.51,No,No,No,No,No,No,No,No,No,Active
10745,Female,45,5,Investment,3322.18,Yes,No,No,No,Yes,Yes,Yes,No,Yes,Active
10746,Male,53,5,Checking,1106.69,Yes,No,Yes,No,Yes,No,No,No,No,Active
10747,Female,45,6,Investment,3231.33,Yes,No,No,Yes,No,No,No,No,No,Churned
10748,Male,33,10,Fixed Deposit,530.03,Yes,No,No,No,No,No,Yes,Yes,No,Active
10749,Female,27,4,Checking,2589.11,No,No,No,No,No,No,No,No,No,Active
10750,Female,58,5,Investment,3644.73,Yes,Yes,Yes,No,No,No,Yes,No,Yes,Active
10751,Female,36,11,Savings,484.28,Yes,No,No,No,Yes,No,No,Yes,Yes,Active
10752,Male,74,10,Savings,997.53,No,No,No,No,No,No,No,No,No,Active
10753,Female,45,5,Investment,3081.71,No,No,No,No,No,No,No,No,No,Active
10754,Female,21,11,Fixed Deposit,485.89,Yes,No,No,No,No,No,No,Yes,Yes,Active
10755,Male,41,10,Checking,2297.13,Yes,No,No,Yes,No,Yes,No,Yes,No,Active
10756,Male,49,6,Fixed Deposit,623.65,Yes,Yes,No,No,No,No,No,No,No,Active
10757,Male,43,8,Investment,2227.14,Yes,No,Yes,No,No,No,No,No,No,Active
10758,Male,50,7,Checking,3245.34,Yes,No,Yes,No,No,No,No,No,No,Active
10759,Female,19,11,Savings,3002.3,No,No,No,No,No,No,No,No,No,Active
10760,Female,49,3,Checking,2379.45,No,No,No,No,No,No,No,No,No,Active
10761,Male,49,11,Checking,2992.04,Yes,Yes,No,Yes,No,No,Yes,Yes,No,Active
10762,Male,64,6,Checking,1176.65,Yes,Yes,No,No,Yes,Yes,No,No,No,Active
10763,Male,59,8,Investment,3305.94,No,No,No,No,No,No,No,No,No,Active
10764,Male,51,3,Savings,2438.96,No,No,No,No,No,No,No,No,No,Active
10765,Male,61,5,Savings,2640.81,No,No,No,No,No,No,No,No,No,Active
10766,Female,43,6,Investment,7664.29,Yes,No,Yes,No,No,No,Yes,Yes,Yes,Active
10767,Male,30,4,Checking,1661.12,No,No,No,No,No,No,No,No,No,Active
10768,Male,73,5,Savings,1584.08,Yes,No,No,No,No,No,Yes,No,No,Active
10769,Female,41,7,Investment,7176.62,Yes,No,No,No,No,Yes,No,Yes,No,Active
10770,Female,21,4,Checking,954.43,No,No,No,No,No,No,No,No,No,Active
10771,Female,23,8,Investment,6147.43,Yes,No,No,Yes,Yes,Yes,No,No,No,Active
10772,Female,66,9,Savings,1375.81,Yes,No,No,No,No,No,No,No,No,Active
10773,Male,18,9,Fixed Deposit,575.47,Yes,No,No,Yes,Yes,Yes,No,No,No,Active
10774,Female,70,12,Checking,2804.41,Yes,No,No,No,No,No,No,No,Yes,Active
10775,Male,46,6,Checking,1444.86,Yes,No,No,No,Yes,No,No,No,No,Active
10776,Male,57,8,Savings,2814.8,No,No,No,No,No,No,No,No,No,Active
10777,Female,19,9,Savings,2205.35,No,No,No,No,No,No,No,No,No,Active
10778,Female,47,8,Checking,1896.12,No,No,No,No,No,No,No,No,No,Active
10779,Male,66,5,Savings,3014.6,Yes,No,No,No,Yes,No,Yes,No,Yes,Active
10780,Male,29,6,Checking,1906.82,No,No,No,No,No,No,No,No,No,Active
10781,Female,31,9,Loan,1087.71,Yes,No,No,No,No,No,Yes,No,No,Active
10782,Male,67,7,Checking,681.93,No,No,No,No,No,No,No,No,No,Active
10783,Male,18,8,Savings,1829.55,No,No,No,No,No,No,No,No,No,Active
10784,Female,26,10,Savings,3404.57,Yes,Yes,No,No,Yes,No,Yes,No,No,Active
10785,Male,19,4,Savings,2867.58,No,No,No,No,No,No,No,No,No,Active
10786,Female,58,8,Investment,6205.2,Yes,No,Yes,No,No,No,No,No,No,Active
10787,Female,59,5,Checking,2710.64,Yes,No,No,Yes,No,No,Yes,No,No,Active
10788,Male,24,6,Savings,3057.13,No,No,No,No,No,No,No,No,No,Active
10789,Male,54,3,Checking,2411.13,No,No,No,No,No,No,No,No,No,Churned
10790,Female,67,9,Savings,513.36,No,No,No,No,No,No,No,No,No,Active
10791,Female,50,11,Checking,3405.95,No,No,No,No,No,No,No,No,No,Active
10792,Female,48,6,Checking,305.66,Yes,Yes,Yes,Yes,No,No,No,No,Yes,Active
10793,Female,58,2,Investment,6476.6,Yes,No,No,No,Yes,No,No,No,No,Active
10794,Male,73,6,Investment,2038.5,Yes,No,No,No,No,Yes,No,No,No,Active
10795,Female,46,7,Savings,2394.1,Yes,No,No,No,Yes,Yes,No,No,No,Active
10796,Male,34,7,Savings,575.39,No,No,No,No,No,No,No,No,No,Active
10797,Male,66,7,Savings,2594.59,Yes,Yes,Yes,No,No,No,No,No,No,Active
10798,Female,40,6,Investment,3296.19,Yes,No,Yes,No,Yes,No,No,Yes,No,Active
10799,Male,43,3,Checking,968.21,No,No,No,No,No,No,No,No,No,Active
10800,Female,28,7,Investment,5315.21,Yes,No,Yes,No,Yes,Yes,No,Yes,No,Active
10801,Female,26,5,Savings,1914.81,No,No,No,No,No,No,No,No,No,Active
10802,Female,64,8,Fixed Deposit,479.38,Yes,No,Yes,No,Yes,No,No,No,No,Active
10803,Male,33,8,Savings,2332.91,No,No,No,No,No,No,No,No,No,Active
10804,Female,69,7,Checking,1246.41,Yes,No,No,No,No,No,Yes,No,Yes,Active
10805,Female,41,4,Loan,721.7,Yes,No,Yes,No,No,No,No,Yes,No,Active
10806,Female,20,9,Savings,904.41,No,No,No,No,No,No,No,No,No,Active
10807,Male,50,6,Investment,4129.42,No,No,No,No,No,No,No,No,No,Active
10808,Female,59,13,Checking,1005.64,Yes,Yes,Yes,No,No,Yes,No,No,Yes,Active
10809,Female,50,9,Savings,1052.16,No,No,No,No,No,No,No,No,No,Active
10810,Female,49,6,Investment,4872.84,Yes,No,No,No,No,Yes,No,Yes,No,Active
10811,Female,25,3,Savings,1699.41,No,No,No,No,No,No,No,No,No,Active
10812,Male,39,5,Checking,1809.95,Yes,No,No,No,No,No,No,Yes,No,Churned
10813,Male,41,10,Investment,3168.18,Yes,Yes,No,No,Yes,No,No,No,No,Churned
10814,Male,49,8,Checking,617.32,No,No,No,No,No,No,No,No,No,Active
10815,Male,45,8,Investment,4718.28,No,No,No,No,No,No,No,No,No,Active
10816,Male,36,8,Savings,3025.32,No,No,No,No,No,No,No,No,No,Active
10817,Female,20,11,Checking,1273.9,No,No,No,No,No,No,No,No,No,Active
10818,Male,43,4,Savings,537.9,Yes,Yes,No,Yes,No,Yes,No,No,No,Active
10819,Male,21,2,Savings,1658.7,No,No,No,No,No,No,No,No,No,Active
10820,Male,56,9,Checking,3213.85,Yes,Yes,Yes,No,No,No,No,No,No,Active
10821,Female,64,5,Savings,589.01,No,No,No,No,No,No,No,No,No,Active
10822,Female,28,7,Savings,2876.02,No,No,No,No,No,No,No,No,No,Churned
10823,Male,56,5,Fixed Deposit,998.1,Yes,No,No,No,Yes,Yes,Yes,No,No,Active
10824,Male,20,8,Savings,2891.96,No,No,No,No,No,No,No,No,No,Active
10825,Female,41,6,Savings,1902.31,Yes,No,No,No,No,Yes,No,No,Yes,Active
10826,Female,31,5,Checking,3193.02,No,No,No,No,No,No,No,No,No,Active
10827,Male,66,5,Checking,1538.58,Yes,Yes,No,No,No,No,No,No,Yes,Active
10828,Female,20,4,Savings,1498.84,No,No,No,No,No,No,No,No,No,Active
10829,Male,49,5,Checking,1462.32,No,No,No,No,No,No,No,No,No,Churned
10830,Female,18,7,Investment,7189.32,Yes,No,Yes,No,No,No,No,Yes,No,Active
10831,Female,74,8,Fixed Deposit,266.66,Yes,No,No,No,Yes,Yes,No,No,No,Active
10832,Male,57,4,Savings,2041.17,Yes,No,No,No,No,Yes,No,No,No,Active
10833,Male,50,4,Investment,2515.31,Yes,Yes,No,No,No,No,Yes,No,No,Active
10834,Male,67,3,Savings,2931.79,No,No,No,No,No,No,No,No,No,Active
10835,Female,61,6,Savings,3198.4,Yes,No,No,No,Yes,No,No,No,No,Active
10836,Female,34,2,Savings,1038.33,No,No,No,No,No,No,No,No,No,Active
10837,Male,58,10,Checking,1847.94,Yes,No,No,No,Yes,No,No,No,No,Active
10838,Female,34,8,Savings,3404.92,Yes,Yes,No,No,No,Yes,Yes,No,Yes,Active
10839,Female,22,4,Savings,2117.24,No,No,No,No,No,No,No,No,No,Active
10840,Female,51,6,Savings,2324.56,No,No,No,No,No,No,No,No,No,Active
10841,Female,70,4,Checking,640.73,Yes,No,No,No,Yes,No,No,No,No,Active
10842,Female,28,6,Savings,613.89,Yes,No,No,Yes,Yes,No,No,No,No,Active
10843,Female,70,6,Savings,2171.87,Yes,Yes,No,Yes,Yes,No,No,No,No,Active
10844,Female,63,7,Investment,5865.24,Yes,No,Yes,No,No,No,Yes,No,Yes,Active
10845,Female,57,8,Checking,440.34,Yes,Yes,No,No,Yes,No,No,Yes,No,Active
10846,Female,21,3,Checking,3186.52,No,No,No,No,No,No,No,No,No,Active
10847,Female,29,4,Savings,912.74,No,No,No,No,No,No,No,No,No,Active
10848,Female,18,7,Savings,1132.39,No,No,No,No,No,No,No,No,No,Active
10849,Male,50,6,Savings,1193.58,Yes,Yes,Yes,Yes,Yes,No,No,No,No,Active
10850,Female,47,6,Savings,2565.12,Yes,No,No,No,Yes,No,No,No,No,Active
